OBJECTID,TRACT,GEOID,P0010001,P0010002,P0010003,P0010004,P0010005,P0010006,P0010007,P0010008,OP000001,OP000002,OP000003,OP000004,P0020002,P0020005,P0020006,P0020007,P0020008,P0020009,P0020010,OP00005,OP00006,OP00007,OP00008,P0030001,P0030003,P0030004,P0030005,P0030006,P0030007,P0030008,OP00009,OP00010,OP00011,OP00012,P0040002,P0040005,P0040006,P0040007,P0040008,P0040009,P0040010,OP000013,OP000014,OP000015,OP000016,H0010001,H0010002,H0010003,ACRES,SQ_MILES,Shape_Length,Shape_Area,FAGI_TOTAL_2010,FAGI_MEDIAN_2010,FAGI_TOTAL_2013,FAGI_MEDIAN_2013,FAGI_TOTAL_2011,FAGI_MEDIAN_2011,FAGI_TOTAL_2012,FAGI_MEDIAN_2012,FAGI_TOTAL_2014,FAGI_MEDIAN_2014,FAGI_TOTAL_2015,FAGI_MEDIAN_2015
1,003400,11001003400,4347,4152,576,3392,20,97,3,64,157,66,45,8,239,528,3295,8,90,3,16,143,61,40,5,3997,538,3129,15,86,3,53,140,59,40,8,200,500,3043,8,79,3,14,129,55,35,5,1347,1025,322,266.26420059,0.41603782,4800.86593863745,1077532.99660087,53344073,39287,75037699,43117,59287920,38099,70436558,40413,79636907,42596,92096567,46152
2,003500,11001003500,3740,3594,626,2681,14,106,0,167,91,26,28,8,371,530,2620,11,106,0,7,70,24,25,7,3398,581,2444,13,104,0,131,85,26,23,8,292,508,2387,10,104,0,7,70,24,20,7,1189,964,225,94.35238321,0.1474256,2982.47355843431,381830.550236599,46454657,30673.5,66239783,32859.5,55914150,30555.5,60909648,32885,78873551,40450,97549566,44843
3,003600,11001003600,4208,4048,1773,1645,13,161,0,456,58,39,44,11,809,1521,1604,8,158,0,14,49,20,41,9,3680,1691,1378,11,149,0,324,50,31,35,10,616,1473,1346,7,146,0,11,44,19,32,8,2308,1987,321,75.52164797,0.11800258,2293.46528038609,305625.267934718,110621750,35858,161376203,42788.5,147954698,40355,153247476,40692,143081526,41616,178040405,46806
4,003700,11001003700,5763,5507,1915,2527,22,212,10,821,134,60,55,15,1514,1490,2405,13,206,7,16,65,34,45,7,4798,1782,1988,17,193,9,605,106,50,49,10,1125,1450,1906,9,188,6,15,55,26,41,7,2570,2401,169,72.2318631,0.11286229,2297.04064353927,292311.980827426,103905996,32263,162058134,41387.5,126923023,35705.5,143596631,38248,140501730,39131,181651966,45690.5
5,003800,11001003800,4614,4419,2884,825,22,261,1,426,77,37,78,7,935,2456,796,10,257,1,26,59,27,68,3,4177,2726,729,18,240,1,313,53,35,64,6,738,2364,705,8,236,1,22,39,26,55,2,2861,2625,236,87.92165175,0.13737758,2708.29507380276,355806.303173665,155960140,48799,209040361,54786,196678623,52077,213601983,54908,213544242,56380,235619338,60561
6,003900,11001003900,4474,4304,3285,563,21,225,4,206,88,43,59,3,553,2995,546,13,224,3,21,55,25,57,3,4225,3145,528,20,208,4,181,72,34,49,3,492,2884,511,13,207,3,17,46,24,47,3,2996,2806,190,99.08050118,0.15481328,3408.08064364438,400964.564907712,155878056,51160,206237963,59470,211741280,56264.5,215163653,58480,179473697,58736,214640250,63630
7,006500,11001006500,2531,2469,2088,228,13,113,1,26,19,13,32,7,123,1999,222,11,112,1,10,17,9,31,6,2296,1913,212,11,97,1,18,11,8,25,5,102,1837,207,10,96,1,6,9,6,24,4,1543,1320,223,122.57017207,0.1915159,3386.49588135959,496023.890978902,120078372,76911,138021124,79139,138113790,75279,153834127,75784,137875103,89279,156307500,92684
8,001500,11001001500,5911,5729,4877,643,7,145,2,55,67,34,97,8,304,4642,637,6,144,2,21,62,27,86,8,4371,3609,521,7,119,2,34,33,21,36,5,205,3444,517,6,118,2,15,31,16,30,5,2126,2081,45,1161.05094687,1.81414212,10650.3270876496,4698606.50898024,505817116,135878,464768292,136868,531571394,140516,611814393,147108,586301676,158383,623341016,165589
9,001600,11001001600,3957,3799,997,2670,8,55,1,68,114,51,45,0,200,930,2621,4,55,0,15,104,45,37,0,3239,801,2255,6,48,1,42,59,41,19,0,136,756,2219,3,48,0,6,57,39,16,0,1685,1620,65,667.00608096,1.04219701,8627.68362202395,2699277.85855378,239860892,88449.5,206050056,86508.5,241106479,84972,253855939,89084.5,280146313,97830.5,285179163,99800.5
10,001702,11001001702,2644,2519,1020,1342,6,79,1,71,94,34,29,2,212,918,1325,5,78,1,8,77,33,25,1,2273,888,1175,5,70,1,55,57,26,18,1,155,815,1162,4,69,1,6,45,25,17,1,1312,1230,82,229.81597262,0.35908746,4873.12595831827,930032.250283736,85001437,53846.5,99172867,57746,95489279,53472.5,101908307,56393,112274193,59101,118391616,59590
11,000100,11001000100,4890,4808,4444,105,9,201,2,47,17,12,47,2,296,4202,101,8,198,2,15,16,10,43,2,4305,3924,93,8,184,2,33,11,12,30,2,257,3711,90,7,181,2,9,10,10,26,2,2999,2686,313,585.8460139,0.9153844,10028.2362852268,2370834.717974,551823378,89357,444019426,86101.5,563927063,88250,806141206,92634,856267279,108308,698565228,110944.5
12,000201,11001000201,3916,3736,2940,259,7,482,5,43,47,20,117,6,275,2740,249,4,480,5,7,40,16,115,6,3902,2931,259,7,478,5,43,47,20,116,6,272,2734,249,4,476,5,7,40,16,114,6,2,2,0,133.32616661,0.20832214,3249.76543814314,539551.85681847,65709,12201.5,627662,23000,,,282896,21739.5,1389012,5087,1043062,8785
13,000202,11001000202,5425,5294,4705,159,5,375,3,47,33,16,76,7,343,4438,150,3,370,3,12,27,14,68,6,5061,4384,155,4,360,3,43,26,15,65,7,320,4132,146,3,355,3,10,22,14,59,6,2143,1933,210,305.03946428,0.47662417,6742.45937677228,1234450.92243497,379656242,116867,244019719,95033.5,365051633,109460.5,390987146,106470,433631252,114630,429158437,115586
14,000300,11001000300,6233,6076,5497,139,11,352,1,76,48,20,93,9,404,5186,135,10,348,1,10,44,18,89,9,5542,4900,123,9,323,1,71,36,21,60,7,344,4644,121,8,319,1,8,32,16,59,7,2912,2754,158,252.60319581,0.3946925,4077.6913194682,1022248.871354,274689743,66914.5,306388942,58822,356897869,58959.5,371428724,61936.5,322647481,73252,358002514,70413
15,000400,11001000400,1455,1428,1247,50,2,103,0,26,9,2,15,1,123,1149,46,1,103,0,12,6,2,15,1,1218,1032,43,2,100,0,23,7,1,10,1,104,949,39,1,100,0,10,5,1,10,1,690,636,54,378.38282437,0.59122317,5949.90953355894,1531260.97201112,244811632,104934,130390459,110621,224772922,101766,221418072,102512,260450481,130923.5,296162003,121711
16,000501,11001000501,3376,3267,2853,124,7,249,1,33,32,18,64,3,231,2689,122,3,246,1,4,18,9,60,3,3195,2729,114,5,232,1,28,25,17,47,3,201,2585,112,3,229,1,2,13,9,45,3,2186,2027,159,233.38426375,0.36466291,6813.63309926533,944472.612260386,157450900,65919,182269099,68973,196513698,64763.5,210628169,70218,260010497.2,72707,243419505,76949.5
17,000902,11001000902,2092,2021,1861,67,4,77,1,11,28,12,40,2,107,1776,63,3,77,1,5,22,9,37,2,1544,1388,50,1,67,1,7,9,8,16,2,71,1327,48,1,67,1,4,7,6,15,2,862,833,29,538.80195519,0.84187806,8704.28779266295,2180454.16569644,218882503,121032,176273097,113487,226114271,117436,262353665.44,121474.5,282158382,142212,318502754,148690
18,001001,11001001001,7436,7168,6342,298,17,432,2,77,74,33,172,9,512,5925,295,9,427,2,22,61,28,164,8,5918,5097,249,14,365,2,65,38,23,71,8,387,4786,248,9,362,2,13,30,19,67,8,2834,2727,107,606.40178436,0.94750279,6507.90651250441,2454020.97014317,441410751,114136.5,445020421,105423.5,482792403,109646,523214776,110482.5,563657398,128283,567841867,131571
19,001002,11001001002,3442,3329,2788,185,7,311,0,38,35,24,59,6,271,2564,178,5,311,0,9,32,24,56,5,3226,2637,165,7,297,0,33,24,22,44,6,241,2438,159,5,297,0,8,21,20,43,5,2342,2089,253,219.83405344,0.34349071,3952.2785134226,889636.856290747,119559942,74658,134639759,76705,130340038,74072,142883669.4,76636.5,124109798,78338,144272959,79814.5
20,004001,11001004001,3745,3623,3237,139,5,162,8,72,33,26,60,5,345,2999,133,5,162,3,3,28,26,50,5,3486,3034,131,5,157,6,57,26,25,42,5,289,2825,130,5,157,3,2,23,19,40,5,2489,2305,184,68.1625484,0.10650398,2361.33536165059,275844.048415666,203836328,72807,230295472,77629,253288626,74273,262839923,78314.5,242543416,78459.5,269573000,85301.5
21,004002,11001004002,2797,2720,2232,226,4,181,1,76,27,14,44,4,250,2088,209,2,179,1,3,22,12,41,4,2654,2135,209,3,170,1,67,24,15,41,3,227,1998,195,2,168,1,3,19,12,39,3,1916,1762,154,48.45148116,0.07570544,2132.73491150418,196076.1888545,132421749,60460.5,170535365,65155,168856216,62671,182296727.25,65831,157938502,66742,181993123,71996
22,004100,11001004100,2708,2646,2261,115,9,181,3,77,29,13,23,1,259,2090,108,4,180,3,14,27,10,20,1,2482,2099,100,9,166,3,67,18,9,15,1,235,1940,94,4,165,3,10,17,8,13,1,1702,1494,208,201.86855479,0.31541962,3872.49817824405,816933.062280377,403203164,87019,217573711,81283.5,401781124,85405,450959064,89643,447733061,100196,557382746,100885
23,004201,11001004201,3342,3250,2721,240,5,215,0,69,33,20,41,2,266,2544,236,3,214,0,6,28,17,38,2,3222,2638,220,5,210,0,66,30,19,36,1,251,2473,216,3,209,0,6,25,16,33,1,2259,2113,146,50.53509473,0.07896109,1842.64578271264,204508.273887692,144465497,59325,195239173,69112,204654008,64162,221028580,67390,192640010,68708.5,215579124,70930.5
24,004202,11001004202,2771,2688,2281,129,10,216,3,49,19,12,50,7,215,2133,126,6,214,3,7,16,7,47,6,2691,2228,124,9,201,3,46,19,12,48,7,208,2083,121,6,199,3,6,16,7,45,6,1915,1787,128,51.4938138,0.08045908,2102.86114555035,208388.072346607,120039686,60675,165982765,67958,163715989,65293,171191044,70077.5,140618969,65831,168607571,69537
25,004300,11001004300,3255,3164,1849,901,18,157,2,237,38,21,35,4,492,1642,889,12,149,2,6,29,17,32,4,2963,1795,767,13,150,2,159,33,21,29,4,387,1606,756,9,144,2,5,25,17,27,4,2084,1943,141,58.47083608,0.09136068,2045.42560781944,236623.079935932,107576663,47515.5,161937053,56174,146211088,52695,158072679,55500,160486937.03,57442.5,200919104,65979
26,004400,11001004400,4572,4447,2989,1016,24,260,0,158,45,23,61,5,417,2778,982,18,259,0,15,42,20,57,5,4263,2876,886,21,248,0,129,37,24,49,5,366,2683,854,17,247,0,11,36,20,47,5,2651,2493,158,128.91278832,0.20142623,2944.72143683821,521691.548437318,231491287,70297,325184107,77519,289136303,73367,327105530,76068,343052931.87,76726,402398133,82842.5
27,001100,11001001100,4779,4641,4012,290,9,273,6,51,41,18,88,1,306,3773,290,4,268,3,25,32,9,80,0,3980,3355,260,9,243,6,34,20,11,45,1,242,3162,260,4,238,3,13,18,7,38,0,2234,2118,116,414.25397777,0.64727184,5698.76233171609,1676426.38039493,361630195,101389,326529055,88358,410155292,97280,460087019,97640,449192481,113046,480166743,114189.5
28,001200,11001001200,5008,4850,4073,272,18,388,3,96,57,23,76,5,399,3805,263,9,385,3,14,46,22,73,4,4338,3531,239,15,355,3,79,47,21,51,4,350,3293,230,7,352,3,8,38,21,48,3,2633,2516,117,300.99755072,0.47030868,4907.03319175112,1218093.87851016,284024809,79665,304763968,74166.5,315822137,74448,334717360,75515,314255746,91068.5,340349324,89304
29,001301,11001001301,3955,3843,3047,374,7,357,0,58,41,13,67,1,290,2820,367,5,356,0,15,35,12,64,1,3477,2736,317,7,301,0,43,29,15,39,1,252,2534,311,5,301,0,8,25,12,39,1,2156,2030,126,705.11146127,1.10173667,8777.81129340234,2853484.86247428,271817059,76361.5,240485097,66620,333803307,67980,363121417,68904,333910086,76494,403703591,76325
30,001302,11001001302,6857,6672,5596,379,13,595,2,87,40,28,122,9,483,5219,371,7,587,2,21,36,25,115,9,6589,5395,359,13,569,2,84,38,28,106,9,459,5038,351,7,561,2,21,34,23,102,9,5375,4795,580,393.41836004,0.61471619,6378.54780991365,1592107.62646792,319818452,68999,405180643,73585,417821164,69520,443957414,72262,401733884,73354.5,488935701,75148
31,001401,11001001401,3078,2975,2541,178,5,198,0,53,37,15,55,4,210,2394,176,1,198,0,12,36,14,44,4,2419,1992,162,4,173,0,40,17,14,22,4,160,1873,160,1,173,0,9,16,13,19,4,1478,1415,63,194.78101375,0.30434534,4033.37029484113,788250.801150996,230011349,91172.5,207763895,79863.5,255563544,81219,291619848,85111,294699961,102872,298582687,96830.5
32,001402,11001001402,2998,2921,2334,356,5,160,0,66,40,13,34,1,232,2182,350,4,159,0,7,36,8,31,1,2446,1881,316,5,141,0,54,25,11,20,1,189,1754,314,4,140,0,5,23,8,18,1,1612,1472,140,221.18928156,0.34560825,4867.51420398157,895121.269963101,176059601,98926,181523449,102986,186054316,101142.5,208055809.92,109684.5,216714384,120265,226932846.97,122810
33,000502,11001000502,3189,3095,2720,95,15,192,0,73,26,17,56,1,271,2550,89,5,191,0,9,21,13,52,1,2786,2400,85,9,166,0,60,17,13,37,1,223,2258,80,4,165,0,4,15,10,36,1,1774,1643,131,143.67820561,0.2244972,4037.96101367443,581445.072597169,248468359,76777,252908312,75829,280426020,76905,324046430.59,76609,290539572.3,90718.5,316766139.16,89334
34,001803,11001001803,3514,3401,354,2372,7,73,8,587,62,28,14,5,838,190,2340,4,72,8,14,44,27,7,5,2826,277,1988,5,60,5,407,50,25,11,3,581,162,1966,4,59,5,10,36,24,6,3,1612,1543,69,289.17449346,0.45183515,4709.91053116513,1170247.66299615,69030385,25312,76833849,26235,73783877,25460,85008159.3,26127,80454542,27382,86187145,27886.5
35,001804,11001001804,4480,4310,549,2983,20,51,0,707,74,45,18,11,1211,185,2933,8,51,0,22,56,22,17,8,3461,401,2408,15,42,0,471,61,36,10,10,835,153,2368,7,42,0,6,44,21,9,7,1924,1812,112,148.68792038,0.23232488,3404.95340273657,601718.669088252,90687018.37,26365,101095037,26535.5,94000568,27016,101142730,27327,100111583,27144,109529081,28093.5
36,001901,11001001901,4016,3887,424,3023,31,36,3,370,99,56,19,3,625,285,2965,12,29,3,3,87,46,16,3,3190,342,2460,27,30,3,241,64,43,17,3,421,242,2418,11,27,3,2,59,34,14,3,1603,1503,100,190.04120651,0.29693939,3629.65544277249,769069.481664375,89722055.5,36750,96561062,37420,93389146,35486,98715158,38108,110110056,41377,119188692,42401
37,003301,11001003301,3198,3072,959,1998,7,62,4,42,86,38,42,7,125,898,1972,6,62,3,17,80,36,41,7,2828,898,1724,6,61,4,38,64,26,35,7,111,846,1699,6,61,3,15,59,24,35,7,1578,1405,173,108.63021894,0.16973472,3304.15490719572,439610.90178309,94626938,50955.5,118997087,52263,109592464,49060.5,119413477,51581,133621396,60466,152461285,64468
38,003302,11001003302,2134,2054,735,1216,7,41,0,55,57,21,20,0,128,687,1197,7,41,0,2,52,20,19,0,1856,695,1002,7,41,0,51,37,18,17,0,113,654,985,7,41,0,2,34,17,16,0,982,887,95,49.07735171,0.07668336,1890.78562239216,198608.997138154,59721428.37,46371,82445643.83,51120,67070893,46580.5,76544783.24,49236,84411059.95,55925,98091822,61645
39,008804,11001008804,2412,2375,106,2183,7,3,0,76,31,12,12,0,130,68,2167,7,3,0,2,30,12,12,0,1883,87,1706,6,3,0,53,22,11,8,0,87,65,1694,6,3,0,2,21,11,8,0,1396,1096,300,194.50540494,0.3039147,3936.33306408954,787135.451864149,27927495,24539,32464257.52,25106.5,27994707,23754,33989464,23998.5,36934360,26995,42225948,29627
40,008903,11001008903,2633,2591,48,2493,4,7,0,39,38,20,5,1,67,37,2481,3,7,0,5,31,18,5,1,1992,39,1884,4,7,0,29,25,11,2,1,49,31,1877,3,7,0,3,20,10,2,1,1399,1150,249,74.0038484,0.11563101,2991.03481033329,299482.950950931,33732629,25168,50045860,29334,34354171,24295,42943277,25774,54736070,30255,61273301,33866
41,008904,11001008904,3309,3249,33,3170,8,10,1,27,59,30,11,2,61,27,3154,8,10,0,0,48,27,8,1,2569,32,2461,8,8,1,20,38,19,6,1,46,26,2448,8,8,0,0,32,17,5,1,1788,1539,249,112.8069603,0.17626088,3121.43912989049,456513.574479548,31336668.91,23070.5,38466036.9,23445,33444738,23349.5,35689645.63,23597,43140351.51,24356.5,47867201,26051
42,009000,11001009000,2732,2648,113,2431,6,68,0,30,74,31,19,1,76,100,2412,5,68,0,3,64,31,16,1,2430,104,2170,6,58,0,22,62,30,13,1,57,95,2156,5,58,0,2,54,30,11,1,1646,1553,93,359.71954724,0.5620618,5394.27784213405,1455733.36865934,56150253,43111,65837807.73,47746,53740241,41497,61387829,44821,83619685.28,52520,94751459,57961
43,009102,11001009102,4127,4056,117,3820,11,13,0,95,51,20,9,3,173,95,3784,8,13,0,11,40,19,9,3,3039,107,2795,9,12,0,72,30,15,4,3,113,92,2778,7,12,0,7,27,15,4,3,1854,1662,192,453.50399118,0.70859999,6339.30469109017,1835265.55017918,60148337,28156,77312944,28794,64202101,27377,74568845.91,28926,79762070.62,30721.5,89120109.76,31903
44,009201,11001009201,1976,1905,737,1019,4,51,1,93,41,18,21,5,185,666,1006,3,50,1,13,37,14,18,5,1758,718,862,3,48,1,66,33,14,19,4,151,658,849,2,47,1,7,29,10,16,4,619,570,49,158.33793059,0.24740302,3334.44680362479,640770.875124095,28052728.79,37114,45375827.82,38115,31932270,36529.5,41782385.02,37939,56482503,45173,66594041,48118
45,009203,11001009203,2582,2519,280,2117,7,40,2,73,57,22,5,4,167,247,2079,5,34,2,8,36,20,5,4,2109,260,1709,7,33,2,48,44,18,4,4,117,234,1683,5,30,2,4,30,16,4,4,1259,1065,194,145.12115696,0.22675181,3471.34405208145,587284.489541665,48343832,32780,62405590,35161,53291874,32934,57854799,33801,70251210,38854,78432565,41301
46,009204,11001009204,2557,2503,170,2062,25,14,0,232,36,30,5,1,318,130,2044,8,14,0,4,32,26,5,1,2028,159,1638,24,14,0,152,30,23,5,1,216,126,1628,8,14,0,3,26,22,5,1,1369,1292,77,74.8843334,0.11700677,2526.49618621581,303046.147344249,28552707,26231,34706643,26124,29833027,25945,33222221,25277,34168438,26411,37791141,28475
47,007200,11001007200,2794,2709,1670,862,4,144,0,29,38,20,30,6,155,1569,851,3,143,0,3,34,18,30,6,2658,1617,793,4,138,0,29,34,18,27,6,151,1518,782,3,137,0,3,31,17,27,6,2370,1830,540,405.66750252,0.63385548,5365.25713695987,1641678.14768953,107909588,64030,186295174,70045,147535588,70485.5,183471831,74226,197488193,64040,247923152,69664
48,007301,11001007301,3012,2818,1791,767,21,110,13,116,106,26,72,31,391,1605,717,18,102,13,10,87,21,67,29,2064,1293,511,18,81,11,76,38,17,25,12,236,1167,487,15,78,11,5,33,15,23,12,991,812,179,2439.89202307,3.81233131,17862.9884721654,9873892.76213028,1673140,34010,3361568,40680,3109017,38200,3139475,40044.5,2419064,33378.5,4259994,47582
49,007304,11001007304,3546,3513,41,3443,10,7,1,11,32,13,8,2,38,40,3420,9,7,1,3,27,13,8,2,2429,39,2347,6,7,1,10,18,9,4,2,24,38,2333,5,7,1,3,17,9,4,2,1376,1198,178,308.98569001,0.48279014,5527.03845285852,1250420.73146695,36698222,22766,39995849.95,20922,37593142,22045,38956385,21596,42476757.47,22262,46570052,23679
50,007401,11001007401,2414,2393,17,2349,10,5,0,12,21,10,4,1,31,15,2342,8,5,0,0,13,6,4,1,1468,14,1425,7,4,0,8,10,4,1,1,20,12,1422,5,4,0,0,5,3,1,1,935,771,164,357.73777542,0.55896528,6378.84222919123,1447713.42257725,16271306,18377.5,17706306,16504.5,16387522,17011.5,17334402,16731,14011455,17975,15637219,17739
51,007403,11001007403,2859,2835,12,2811,4,7,0,1,24,7,8,0,24,12,2792,2,6,0,0,23,7,8,0,1956,11,1918,3,7,0,1,16,4,6,0,12,11,1910,2,6,0,0,15,4,6,0,1180,1092,88,80.58207072,0.12590949,3174.08157678529,326104.07236817,26534651,24468,27739508,22754,26480238,23187,26796677,22942,27476513,23605,29354682,23579
52,007404,11001007404,3310,3246,41,3165,4,8,0,28,58,34,9,2,64,31,3147,2,8,0,4,52,31,9,2,2100,29,2003,4,7,0,17,37,16,8,2,36,24,1993,2,7,0,2,35,15,8,2,1308,1106,202,199.12405466,0.31113134,4988.2036727504,805826.46422243,35852862,26372,41892503,24785.5,39142259,26176,39740883,25212,42407920,25068,45389701,25906.5
53,007406,11001007406,3063,3028,20,2984,5,2,0,17,35,13,4,3,71,11,2950,5,2,0,4,20,11,2,1,1830,14,1779,3,2,0,11,21,10,3,2,35,10,1764,3,2,0,3,13,9,2,1,1066,985,81,91.35431258,0.14274111,2600.35754692804,369697.788765436,18379045,19594.5,22222673,18214.5,20073849,18103,21564321,18133,23059323,21164,25139415,20219
54,007407,11001007407,2587,2551,32,2499,3,11,0,6,35,14,1,1,36,32,2469,3,11,0,3,33,14,1,1,1850,30,1778,3,7,0,5,26,11,1,1,22,30,1762,3,7,0,2,24,11,1,1,1203,1090,113,150.88896192,0.235764,4692.19311064361,610625.968253566,39030200,30728,43791436,29333.5,39577235,30210,44108527,29089,50949995,30110,56092745,32550
55,007408,11001007408,3038,3010,32,2964,7,4,0,3,28,15,0,1,32,26,2939,7,4,0,2,28,15,0,1,2027,27,1970,6,3,0,3,18,12,0,1,20,24,1954,6,3,0,2,18,12,0,1,1239,1053,186,94.49100834,0.1476422,3911.21186837082,382391.546224026,21984988,20813,22774343,18636,22572738,19635,22553935,19045,23518853,20030,24612841,19793.5
56,007409,11001007409,3499,3455,20,3417,3,6,0,9,44,26,6,0,34,12,3399,3,6,0,4,41,25,6,0,2291,16,2229,2,4,0,9,31,21,5,0,23,10,2219,2,4,0,4,29,20,5,0,1507,1417,90,98.28496087,0.15357025,3046.21080850466,397745.127479349,39191696,24851,40482342,21349.5,41624746,23520,41342314,21925.5,41640347,21652,44912587,23194
57,007502,11001007502,4541,4454,43,4380,4,8,0,19,86,35,22,3,57,34,4357,4,8,0,10,70,30,19,1,3251,41,3121,4,8,0,16,60,24,15,1,41,32,3107,4,8,0,8,50,20,12,1,1898,1677,221,152.14981182,0.23773408,4792.90747871897,615728.446798271,45577412,25027,50022193.2,24720,47562189,24670.5,46735112,24116.5,46799965,23785,49214213,23715
58,004600,11001004600,3028,2929,816,1964,3,97,0,49,60,20,42,7,221,697,1929,3,96,0,7,45,14,36,5,2537,757,1560,3,94,0,39,53,16,35,6,167,668,1533,3,93,0,6,42,11,33,5,1465,1268,197,107.9646249,0.16869473,2900.63183184371,436917.338248073,60318054,36871,93634428,41045,76955521,38515,84837124,39885,95317975,42801,109132266,46092.5
59,004701,11001004701,3986,3919,595,2754,19,530,1,20,45,27,23,4,108,549,2725,13,527,1,3,39,24,23,4,3066,580,1923,17,469,1,20,36,20,21,4,98,536,1900,12,466,1,3,31,18,21,4,2138,2002,136,79.37474624,0.12402304,2917.41257232392,321218.203506362,62945849,27406,104928195,36630,78637972,29027,96427153,32836,106712117,36532.5,145902602,45305
60,004702,11001004702,1802,1742,703,853,0,158,1,27,35,14,21,1,95,659,844,0,158,1,5,24,8,16,1,1647,693,724,0,157,1,21,31,11,17,1,84,649,716,0,157,1,4,22,8,14,1,988,922,66,80.1862984,0.12529109,2950.75809494102,324502.438578914,68048639,59074,106167879,69010,92778875,68605,108357349,67405.5,104919301,61331,138666390,69195
61,004801,11001004801,2143,2045,847,961,9,123,5,100,50,24,50,2,191,776,952,6,123,0,10,48,19,48,2,1934,816,829,9,113,3,80,43,22,41,2,166,752,820,6,113,0,5,41,17,39,2,1208,1078,130,78.44606933,0.12257198,2458.97270141106,317459.981364852,63801222,47244,99227482,52484,76691024,48478,90035901,53570,109555605,60609,122287899,63711
62,004802,11001004802,2922,2845,866,1464,16,369,1,129,48,31,20,1,223,793,1457,9,368,0,6,45,30,18,1,2492,830,1176,13,303,1,106,36,26,19,0,186,767,1171,9,302,0,4,33,24,17,0,1561,1382,179,71.1905918,0.1112353,2192.31760125676,288098.105370579,73241336.7,33975.5,115913258,41981,87920491,37146.5,108590991.38,40512,102577469,40676,119531192,45675
63,004901,11001004901,2087,2036,793,1075,14,94,1,59,30,13,21,0,178,686,1060,12,94,1,16,24,11,21,0,1696,730,794,14,80,1,38,23,12,16,0,128,652,786,12,80,1,5,19,11,16,0,1094,971,123,67.17793143,0.10496552,2112.98851021367,271859.444849674,52574029,35398,77147230,44409,57630673,39410,66056089,43123,107168062,52044,136442151,59090
64,004902,11001004902,2690,2615,1330,812,11,166,6,290,21,9,26,6,468,1193,805,4,166,1,11,16,8,22,6,2354,1281,615,8,162,4,220,18,9,23,5,375,1162,610,3,162,1,5,14,8,20,5,1530,1417,113,65.20095982,0.1018765,2052.2824359682,263858.924567305,98407326,44608.5,123680131,52213.5,116868349,50705,126553450,51963,123848559,53770,141451695,59191.5
65,005001,11001005001,1955,1893,1259,484,3,92,0,55,25,8,30,2,169,1161,474,1,92,0,9,23,8,25,0,1802,1195,429,3,87,0,42,22,8,21,0,140,1108,419,1,87,0,8,20,8,18,0,1003,952,51,50.59006122,0.07904697,2114.9270431772,204730.715388826,94309397,67622,124100006,74090,114164264,69871,126820603,72566.5,122794751,70213,147289866,78133
66,005002,11001005002,6021,5799,3225,1152,33,328,5,1056,75,39,79,4,1676,2737,1120,15,326,4,15,50,27,73,4,5480,3128,1037,27,305,5,790,61,37,63,3,1340,2693,1008,15,303,4,8,42,27,58,3,3853,3475,378,57.69594676,0.09014992,2245.14085106903,233487.214065982,192352559,39733,266261760,53208,250076730,48270.5,278673551,51141,219968978,53829,259592000,59810.5
67,005201,11001005201,6077,5878,4398,775,20,442,19,224,65,47,99,8,612,4079,757,9,438,3,18,58,32,91,8,5811,4305,672,20,429,15,197,56,45,82,7,562,3999,656,9,425,3,16,49,32,78,7,4548,4200,348,83.93588152,0.13114982,2661.84205740219,339676.463215864,268298733,66130,401961716,75149,360312493,70538,397149782,73528,376053670,76106.5,442277202,81647.5
68,005301,11001005301,5051,4902,4121,179,17,455,4,126,37,24,96,4,432,3847,171,7,451,2,16,29,19,92,4,4920,4039,169,16,442,4,116,34,22,84,4,413,3770,163,7,438,2,16,27,17,80,4,3890,3608,282,70.76334226,0.11056772,2322.239748471,286369.087779839,226732166,64826,288225330,72068,295640286,68569,343695487,71067,263936773,70086.5,326386690,76569.5
69,005500,11001005500,6671,6454,5135,628,18,590,1,82,63,37,121,10,493,4752,613,13,586,1,24,58,30,117,10,6476,5000,611,17,574,1,76,57,36,108,10,474,4628,597,13,570,1,18,53,30,106,10,4983,4185,798,157.5255182,0.24613362,3987.96639750257,637483.158809735,333923999,73032,409244354,78901.5,425105796,75480,505477215,77201.5,444403949,80908,536412412,81726
70,005600,11001005600,6756,6523,5107,517,13,797,0,89,105,47,130,7,428,4810,495,11,794,0,17,96,42,119,7,6629,5031,506,13,785,0,85,98,47,110,7,414,4742,484,11,782,0,17,89,42,100,7,4059,3347,712,117.38224028,0.18340975,4364.53969862304,475029.075783795,167255800,63663,192250360,61943.5,208921431,59263,248986836.82,64756,203331811,67936,233194623,67328
71,005800,11001005800,2830,2737,1806,265,7,602,4,53,29,17,46,6,180,1698,262,7,600,4,1,21,16,46,6,2710,1759,254,7,563,4,42,24,17,39,6,161,1656,251,7,561,4,1,19,16,39,6,2306,1810,496,225.04199863,0.35162813,4111.14401578688,910712.662854341,119511652,83192,175823623,89328,167620188,88884.5,151839744,87076,159463208,88725,171281204,100633.5
72,005900,11001005900,2998,2922,1712,826,9,280,1,94,37,15,29,2,223,1617,806,9,278,1,7,25,13,25,1,2885,1695,752,7,278,1,83,31,14,27,2,207,1603,732,7,276,1,7,21,12,23,1,1868,1523,345,159.09289484,0.24858265,3377.37198275827,643826.10708364,55624517.13,46136,89285287,47249,91864708,49222,90357257,49116,56008018,51855,73843853,52042
73,006202,11001006202,33,33,7,25,0,1,0,0,0,0,0,0,0,7,25,0,1,0,0,0,0,0,0,29,7,21,0,1,0,0,0,0,0,0,0,7,21,0,1,0,0,0,0,0,0,8,8,0,2821.3335011,4.40833363,27060.0709896141,11417531.6664333,128235,102705,554878,52548,,,,,,,,
74,006400,11001006400,2139,2095,142,1860,24,38,0,31,37,22,7,3,65,133,1839,24,38,0,3,32,17,7,3,1565,136,1330,13,26,0,22,31,18,7,3,49,127,1318,13,26,0,1,26,13,7,3,1055,977,78,226.47514923,0.35386742,4676.88679669614,916512.417609171,22543116,21222,36959590,25016,25389209,21449,28899876.26,20823,39572111,26737,50187446,28943.5
75,006600,11001006600,1909,1876,1718,58,11,70,1,18,15,8,14,1,78,1659,56,10,70,1,4,14,8,13,1,1680,1525,50,10,58,1,15,10,7,9,0,60,1482,48,10,58,1,2,9,7,8,0,1143,1016,127,73.19528589,0.11436764,2663.23824410057,296210.81455095,106170076,88338,117490965,80400,123630521,81172,136743813,87030,133316015,92949,138452048,90957
76,006700,11001006700,3775,3679,3077,452,11,114,2,23,33,23,48,4,147,2965,447,10,113,2,10,28,17,45,4,3283,2703,389,9,98,2,20,23,22,25,3,121,2609,386,9,97,2,8,18,17,24,3,2008,1866,142,105.82744028,0.16535538,3020.44403660332,428268.458887597,217100355,85648,233122093,83000,249708355,86231,255796748,88571,284608649,99852.5,302416019,101467.5
77,006801,11001006801,1949,1893,647,1192,3,31,0,20,30,12,25,1,74,607,1183,2,31,0,3,24,11,25,1,1687,574,1016,3,30,0,18,25,11,19,1,61,539,1011,2,30,0,3,21,10,18,1,977,880,97,60.43495636,0.09442962,2060.75624696115,244571.592741545,52747534,48014,76178458,51207.5,59126678,48635.5,64998901,48317,79312724,58579,90648226,61861
78,006802,11001006802,2084,2029,937,1022,6,38,0,26,37,14,24,0,94,894,1009,5,36,0,8,22,8,21,0,1754,804,856,6,31,0,18,26,11,16,0,71,766,850,5,31,0,3,17,8,14,0,1004,921,83,69.83554626,0.10911804,2545.70931049687,282614.430575733,73798559,58385,96128685,63716,84563148,61279.5,90361240,60771.5,106607317,69016.5,117623354,70190
79,006804,11001006804,3670,3567,187,3225,29,21,1,104,75,41,25,11,315,91,3138,24,21,0,8,64,33,19,5,3396,186,2965,25,20,1,101,70,36,21,11,296,91,2894,20,20,0,7,59,28,15,5,13,12,1,499.91708383,0.78112045,6734.28725493454,2023092.67337275,1427126,31692,1403283,15698,1213118,15245,1517968,16825.5,1893345,26956,1977861,21076
80,006900,11001006900,2179,2121,1404,636,7,61,2,11,11,13,35,2,87,1340,630,6,61,2,6,9,6,32,2,1888,1234,548,6,52,2,7,9,10,23,1,68,1180,545,5,52,2,2,7,6,22,1,1190,1114,76,101.3774853,0.15840232,2860.13228007083,410260.129910805,96831762,74417,117789037,79464.5,111579539,75970,124386107,78466,124366685,83717,136440279,86964.5
81,007000,11001007000,2812,2748,2209,433,8,65,4,29,23,11,31,3,162,2093,423,7,64,4,9,20,9,27,2,2596,2074,378,8,61,4,24,18,11,19,3,144,1968,371,7,60,4,5,16,9,18,2,1268,1195,73,103.8770495,0.16230789,2909.00806375089,420375.507392908,105497762,75046.5,113568529,74503,116461048,73158.5,119493354,77934,126183172,81669,147508156,83749
82,007100,11001007100,2911,2807,977,1703,15,72,0,40,44,31,39,2,158,898,1691,15,71,0,7,36,21,32,2,2289,895,1209,12,70,0,31,32,26,24,2,119,830,1201,12,69,0,6,29,17,20,2,1461,1342,119,180.70823247,0.28235662,3852.7780521237,731300.275476049,73551776,42529,90074658,44333,88319005,43479,89640055,41845,90963474,44853,100613150,49413.5
83,000600,11001000600,4539,4395,3878,225,10,207,2,73,51,23,65,9,332,3647,217,6,204,2,13,41,24,61,4,3812,3273,207,9,177,2,59,23,19,37,8,272,3087,199,6,176,2,4,18,18,36,3,2234,2108,126,356.51306782,0.55705167,5202.37043243072,1442757.20675772,882856096,87171,413850238,81528.5,838428665,84947,887637225,91538,883701442,98902.5,1101811669,103485
84,000701,11001000701,4620,4502,3848,235,18,288,4,109,37,13,60,13,407,3583,215,8,285,4,27,30,10,55,9,4255,3586,212,15,266,3,84,27,12,46,7,354,3342,198,7,263,3,17,20,9,42,7,3275,2974,301,135.86157427,0.21228371,3198.46538960268,549812.287648554,268583555,68493,265927884,68775,291704733,68526.5,312019324,70192.5,302248205,72115,322343565,73385
85,000702,11001000702,3364,3259,2751,192,7,224,1,84,31,18,54,3,357,2511,180,3,217,1,16,25,9,49,2,3205,2642,183,7,211,1,69,26,15,48,2,318,2426,172,3,204,1,11,22,8,44,1,2471,2293,178,72.37383693,0.11308412,2738.79661844594,292886.528546715,86235734,50407,121237434,56357.5,113045300,52965,116865629,55189,98468564,56642.5,117499800,58111
86,000801,11001000801,6709,6526,5719,316,5,374,1,111,58,13,118,5,572,5284,299,3,372,1,27,48,15,97,5,5691,4880,278,5,325,0,86,36,19,73,5,476,4506,266,3,323,0,18,30,15,69,5,3528,3207,321,760.09512032,1.18764863,8440.16793496633,3075995.83756508,556165589,97849.5,429046240,94346,582273934,94581,932925890,99819.5,682255278,114495,762051697,122703
87,000802,11001000802,2869,2775,2390,107,4,232,2,40,23,8,62,3,231,2211,98,3,232,2,10,19,6,61,3,2438,2043,89,4,207,2,34,17,8,32,3,187,1898,86,3,207,2,6,14,6,31,3,1423,1336,87,563.0443164,0.87975675,6636.14191183739,2278559.52143544,211883023,89712.5,240968712,78663,288028817,83610,342246891,84441,354030099,94580,379610865,94907
88,000901,11001000901,7175,6946,6135,260,16,451,3,81,55,23,152,13,436,5807,249,12,447,3,22,52,22,138,10,6130,5204,233,16,432,3,64,40,22,117,13,382,4919,224,12,428,3,12,38,19,106,10,1661,1558,103,748.36412428,1.16931895,7095.70294690533,3028522.18062107,610398683,166298,443181730,138978.5,674640174,153391,754404800.1,168203,760449847,189371,946256227,197155
89,002802,11001002802,4277,4043,1753,1069,51,181,2,987,65,37,40,9,1843,1125,1034,9,180,1,4,43,18,28,2,3568,1564,854,38,166,2,750,55,32,34,7,1412,1073,834,7,165,1,3,37,17,28,2,2142,1935,207,56.34356824,0.08803683,2102.60697174066,228014.332339413,76017142,25506,113498858,31154.5,98267866,28033.5,104928617,28800,90869593,29954,111655848,34182
90,002900,11001002900,3962,3719,1606,1246,29,125,5,708,52,28,48,11,1370,1159,1213,4,125,5,17,31,11,40,3,3364,1460,1038,20,112,5,542,36,25,34,11,1058,1099,1016,3,112,5,16,23,11,30,3,1643,1448,195,74.70801484,0.11673127,2357.39891722113,302332.611458249,95743613,29736,137466819,37310,117975868,32774,132985526,35366,134545107.59,33953.5,158259296,36677
91,003000,11001003000,3398,3247,1376,1455,5,125,5,281,74,41,46,9,532,1223,1409,2,124,2,7,61,30,43,3,2854,1328,1058,5,121,4,219,57,36,39,8,420,1195,1034,2,120,2,4,46,25,36,3,1599,1489,110,52.36530139,0.08182078,1881.22351839229,211914.857479168,80525394,36678.5,108032013,42954,99841782,39491,114641347.26,40710.5,96242269,40821,113004657,45303
92,003100,11001003100,2885,2757,949,1086,18,101,0,603,38,24,20,11,1037,652,1056,1,97,0,6,22,9,16,4,2439,856,919,15,92,0,460,31,18,17,10,789,628,894,1,90,0,5,19,8,15,4,1131,1009,122,72.84079601,0.11381374,2574.25544465494,294776.24488345,60468985,28420,96124283,35170,75002721,31472.5,86351514.2,34062,92848628,36878,109392822,39963
93,003200,11001003200,4913,4803,1114,2917,22,92,1,657,56,32,16,1,1188,723,2836,14,92,1,9,37,19,13,0,3957,973,2313,18,83,1,485,40,24,14,1,876,689,2248,11,83,1,8,30,16,11,0,1840,1669,171,109.92596682,0.17175932,3050.48104975274,444854.607448458,91044809,27905.5,119332154,31551,103489228,29164,117284066,29825,120006056,32218,139048784,35833.5
94,009811,11001009811,4365,4293,13,4246,12,4,0,18,65,29,29,2,37,11,4228,10,4,0,12,58,24,26,1,2945,11,2864,9,4,0,14,37,22,15,2,25,9,2853,8,4,0,9,33,18,13,1,1979,1819,160,115.38399582,0.18028749,3543.40431952263,466942.46731644,36490017,20544,41515657,18977,39029707,20337,39500324,18576,41258037,20195.5,44315187,20516
95,009901,11001009901,2249,2212,94,2094,15,3,0,6,30,11,6,4,39,74,2081,15,3,0,1,29,10,6,4,1876,84,1745,10,3,0,6,23,11,6,4,30,68,1737,10,3,0,1,22,10,6,4,1070,1007,63,519.40448163,0.81156951,5944.80073953347,2101955.37479996,70749621,53475,68391309,49969,72050910,48382,71597532,51018.5,75281959,52425,78879964,51745
96,009902,11001009902,2905,2872,27,2813,12,3,0,17,30,12,8,0,44,24,2789,11,3,0,4,27,12,8,0,2273,25,2199,10,3,0,13,20,11,4,0,30,22,2182,10,3,0,3,20,11,4,0,1292,1175,117,319.8713549,0.499799,5340.36144416612,1294473.45459597,54350597,38024,57137569,37244,54368604,36560,59607982.49,40299.5,58509163,38499.5,62164914,38607
97,009903,11001009903,1851,1809,17,1774,3,2,0,13,40,23,5,0,30,16,1760,2,2,0,3,37,22,5,0,1358,15,1306,3,0,0,6,26,15,4,0,19,14,1297,2,0,0,2,23,14,4,0,722,644,78,92.86866799,0.14510729,3223.43219916391,375826.167714381,32456553.32,33233.5,35118730,33430,32138301,32154,33996201,33445.5,36133543,33897,40012643,36360.5
98,009904,11001009904,2243,2215,63,2055,8,7,0,82,26,14,4,0,162,22,2024,6,7,0,1,19,14,4,0,1546,46,1417,8,3,0,51,19,11,3,0,98,19,1401,6,3,0,1,16,11,3,0,1137,874,263,104.96612552,0.16400957,2987.9784577654,424782.841698579,26767870,26576.5,35494438.76,27487,27871815,26508,31120583,25681.5,34077779,28267,38243219,29601.5
99,009905,11001009905,2795,2729,24,2676,7,3,2,17,57,25,0,4,52,20,2656,7,3,2,2,49,24,0,4,2012,22,1933,6,3,2,12,31,18,0,3,29,19,1923,6,3,2,0,29,17,0,3,1330,1104,226,106.6063745,0.16657246,2908.05456932434,431420.693863826,30819168.68,26468,36150350,27355,31738883,25668,34320695,25986,35638365,26497,40068077,28297
100,009906,11001009906,1296,1264,11,1241,3,3,0,6,28,15,3,0,31,8,1227,1,3,0,0,24,12,2,0,1001,11,956,2,3,0,6,19,12,2,0,23,8,948,1,3,0,0,16,10,2,0,756,592,164,61.26893443,0.09573271,2139.29731849347,247946.582283868,16913306,27813,21931724,26833,17588909,26361,19399569,29004,22813412,28540,24288526,28732
101,009907,11001009907,2836,2789,13,2763,4,6,1,2,47,22,7,2,30,10,2746,3,6,1,0,40,22,7,2,1893,11,1847,2,4,1,2,26,13,3,0,21,8,1835,1,4,1,0,23,13,3,0,1176,1097,79,115.37489453,0.18027327,3177.05662942758,466905.635699033,27930889,23122,31452975.28,22424,29040909,22048.5,30367917.47,21635.5,31646541,23380,33496320,23804.5
102,010100,11001010100,2621,2540,1672,393,4,388,2,81,25,22,33,2,298,1477,381,4,382,2,14,18,16,30,1,2529,1639,370,4,373,2,67,21,19,32,2,268,1457,360,4,367,2,14,15,14,29,1,2067,1794,273,143.24577956,0.22382153,3436.5832123999,579695.106431479,94655251,55985.5,122209400,64721,108470412,59866,131214216,67512,92406308,66081.5,116764932,71341
103,010200,11001010200,2324,2208,1132,918,8,118,1,31,78,37,28,1,138,1057,900,5,118,1,8,64,30,27,1,2193,1097,857,8,111,1,31,58,35,20,1,128,1029,839,5,111,1,8,47,30,19,1,1654,1465,189,342.52280123,0.53519188,5083.27201049632,1386140.60622477,87260141,60379.5,103762693,62109,103406574,61275,111525170,63261.5,109619741,62140,135720406,67011
104,010300,11001010300,3187,3057,725,1915,36,67,3,311,68,37,27,9,527,606,1872,17,66,3,14,61,25,25,3,2677,655,1623,31,62,3,216,53,29,13,8,384,559,1589,17,61,3,7,47,20,12,3,1306,1173,133,268.32577311,0.41925902,5400.81030425883,1085875.88465221,67033876.8,35106.5,76672409,36564.5,70736519,35263,75275047,35107,80323393,36951,86842954,36933
105,010400,11001010400,4365,4281,129,4115,9,12,1,15,75,43,19,4,85,105,4082,7,12,1,0,67,41,17,3,3362,114,3157,7,10,1,13,55,33,9,4,64,98,3133,5,10,1,0,48,31,8,3,1828,1528,300,670.38691157,1.04747956,7779.6721858508,2712959.59467214,41916212,26314,45848533,24753,44255870,25687,46502276,26338,47671783,25165.5,50092794,25363
106,007503,11001007503,2425,2388,39,2319,8,6,0,16,34,14,4,4,37,37,2308,2,6,0,3,30,14,4,4,1641,39,1561,5,5,0,13,16,12,1,3,22,37,1555,2,5,0,3,16,12,1,3,1000,857,143,123.49271125,0.19295736,2859.5298405734,499757.274593085,26718856,24918,29135292,23253,28871602,24616.5,28340224,22439.5,30892418,22427,34675207,23658
107,007504,11001007504,2451,2406,25,2370,5,4,0,2,45,18,6,0,6,24,2370,5,4,0,0,42,17,6,0,1652,22,1589,3,4,0,2,32,12,4,0,6,21,1589,3,4,0,0,29,11,4,0,1215,1007,208,196.82961741,0.30754628,4403.70024115352,796541.20604348,22978274,22252,28493704,20654,25984323,21037,27086707,19965,29579990,21006.5,31827145,22229.5
108,001902,11001001902,1969,1891,237,1537,2,24,0,91,68,29,10,0,179,177,1525,0,24,0,5,52,23,10,0,1625,201,1284,2,24,0,61,45,23,4,0,126,161,1275,0,24,0,3,31,18,4,0,861,807,54,219.46957607,0.34292122,3998.17202797162,888161.868727607,58668759,46399,60643912,46000.5,59659989,47090,61493116,49240,67370032,49598,71508164,51168
109,002001,11001002001,2340,2244,598,1172,10,61,4,399,69,26,16,2,629,441,1138,6,58,4,10,43,20,11,1,1897,503,980,7,48,4,288,52,22,5,2,470,384,951,3,46,4,1,34,18,2,1,1026,915,111,156.38148739,0.24434608,4208.85057698158,632853.430341176,74238446,32239,77796183,32255,72835604,33930.5,89402790,33028,89897212,31824,94288662,34251
110,002002,11001002002,3813,3611,778,2297,14,54,9,459,106,31,30,55,794,577,2247,9,53,2,36,75,25,29,11,2994,624,1869,12,48,9,303,69,26,14,39,541,487,1829,9,47,2,15,55,20,13,11,1436,1334,102,209.83484706,0.32786695,4418.37175095527,849171.50349221,99551003,34078,111106825,34515,103023441,32810,116228210,33151,127883153,38577,137968594,39738.5
111,002101,11001002101,5309,5075,675,3301,34,99,9,957,128,47,26,6,1651,260,3203,13,95,1,6,72,36,17,4,4155,536,2685,24,77,6,658,88,33,17,6,1152,239,2619,7,74,1,2,54,25,12,4,2183,1983,200,148.52620714,0.2320722,3187.28805079064,601064.238813091,94312486.76,26813,111940633,28176.5,100905873,27449.5,107570821,27870.5,112888946,29257,126189873,30443
112,002102,11001002102,4648,4523,398,3583,15,27,0,500,110,47,15,3,724,278,3512,12,27,0,13,76,37,8,3,3652,334,2881,7,23,0,322,73,35,12,3,476,252,2834,6,23,0,4,51,28,7,3,2173,1900,273,179.36485752,0.28025759,3547.75354262167,725863.829931322,92766959.97,32803,113649527,33861.5,103545279,33094,107590365,34640,119845798,36433.5,130031411,38248
113,002201,11001002201,3442,3354,432,2331,12,55,0,524,59,22,10,3,823,227,2281,4,55,0,10,36,20,8,2,2724,354,1903,9,47,0,352,38,18,6,3,569,198,1869,4,47,0,4,29,16,4,2,1186,1110,76,102.58051588,0.16028206,2575.69824621092,415128.621962459,70400837,30903,85149168,32313,75036081,31369.5,79524709,31352.5,91456684.98,36545,100975796,38447
114,002202,11001002202,3087,2946,285,2177,26,28,1,429,105,34,19,19,648,174,2130,10,28,0,4,81,22,18,19,2440,232,1761,18,28,1,308,74,28,12,18,448,160,1727,9,28,0,4,56,17,11,18,1434,1272,162,171.85117555,0.26851746,3340.61329168123,695457.037597032,53733218,29485.5,65242968,29500,59185960,31222,64348461,30895,68791897,31094,76191464,34486
115,009302,11001009302,1189,1142,221,835,11,20,0,55,37,19,5,4,125,178,821,4,20,0,0,34,18,5,4,958,198,664,7,14,0,42,26,17,2,4,97,162,654,3,14,0,0,24,16,2,4,545,460,85,99.66119489,0.15572062,2780.1365050494,403314.549015264,29300075,38413,32262752,38884,30980311,39454,31339082,40970.5,35745645,40877,38583475,40697.5
116,002301,11001002301,2974,2899,474,2137,20,37,2,229,44,15,12,18,402,371,2113,7,37,0,5,29,15,11,1,2398,416,1728,13,28,2,156,28,14,10,15,285,337,1710,6,28,0,4,18,14,9,1,1168,1069,99,101.94811585,0.15929393,2865.39124469821,412569.389844188,66417176,37400,84654482,37194.5,74796443,36275,78771314,37362,98291254,41551,104003314,43663
117,002302,11001002302,2036,1983,1022,870,10,60,0,21,40,19,13,7,84,978,860,10,60,0,2,31,18,13,3,1915,1004,778,10,58,0,19,34,19,11,7,68,968,772,10,58,0,2,27,18,10,3,1573,1216,357,497.9453067,0.77803955,5876.13667254679,2015113.17440509,26615661,30605,31103989,37487,29334569,33921,31213085,35344,28685547,39185,33413912,44461
118,002400,11001002400,3618,3524,793,2293,15,60,1,362,54,31,18,4,685,560,2240,5,60,1,8,39,26,16,3,2951,696,1864,11,54,1,247,46,30,12,4,494,517,1827,5,54,1,5,33,24,11,3,1384,1275,109,137.46596722,0.21479058,3265.93471510346,556305.035604766,80149660,36059,106668159,38006,91479505,35654,103751959,37713.5,112743138,42453,129540107,44564.5
119,002501,11001002501,2554,2439,613,1432,11,25,4,354,50,26,19,32,589,463,1398,7,25,1,14,44,24,16,2,2092,514,1220,11,22,3,240,35,22,10,25,430,395,1191,7,22,1,8,30,20,9,2,1042,1004,38,134.27921226,0.20981127,3106.14779691816,543408.695739987,63870734,31549,74481381,31627.5,69649528,29087.5,75809953,31390,79878737,34334,87120014,35144
120,002502,11001002502,5973,5514,1493,2496,39,91,5,1390,116,47,60,175,2532,837,2363,13,90,5,28,72,28,47,2,4826,1281,2079,28,83,4,1003,83,43,41,131,1876,778,1985,7,82,4,19,51,26,33,2,2415,2151,264,149.36200544,0.23337814,3238.90667094749,604446.59456458,116055853,26090,156512610,32326,135667766,28524,149546963.97,30983,153589572,34494,184029268,37513
121,002600,11001002600,2166,2074,916,1026,6,67,0,59,66,23,23,2,149,842,1017,6,67,0,12,57,16,22,2,1816,782,867,6,55,0,45,45,20,12,2,117,723,858,6,55,0,9,40,16,11,2,1001,947,54,547.64843262,0.85570068,9204.26939925433,2216254.58992257,134692240,78044,120160981,74993.5,137593664,78133,150712513,79794,164390717,82203,170973446,81819
122,002701,11001002701,5233,4989,2828,1281,29,276,2,573,124,56,88,12,1269,2267,1236,16,267,2,18,86,33,73,7,4623,2548,1169,24,250,2,444,99,53,60,11,1004,2092,1128,15,243,2,17,70,30,51,7,2845,2655,190,111.26390688,0.17384986,3377.59081085591,450269.058831022,137493357,35394.5,184313228,42690,169063427,39237,178818098.7,41223.5,175143270.64,43441,226192119.8,47231
123,007601,11001007601,4355,4285,140,4109,7,21,0,8,64,31,12,2,61,124,4075,6,21,0,4,59,28,11,2,3411,132,3200,7,18,0,6,42,26,8,2,48,118,3175,6,18,0,2,39,24,7,2,2196,1855,341,312.10958149,0.48767122,4733.02679083879,1263062.671833,65787519,28653,72209610,29757,67410946,28397,72573691,29717,76798005,30483.5,82541867,30846
124,007603,11001007603,4044,3961,244,3645,26,19,1,26,76,39,4,3,89,224,3613,23,19,0,1,72,38,4,2,3331,221,2990,19,15,1,20,59,27,4,3,72,205,2964,17,15,0,1,55,26,4,2,2328,2121,207,303.08192102,0.4735655,4994.72336794118,1226529.02588878,95985961,42744,96251269,41564,96420454,41551,100710493,41409,100775617,41528.5,106625544,42402
125,007604,11001007604,3644,3594,148,3411,10,10,1,14,45,22,9,0,59,127,3387,9,10,1,4,43,21,8,0,2982,134,2779,9,10,1,10,36,18,7,0,45,115,2763,9,10,1,3,34,17,6,0,1931,1750,181,338.15673863,0.52836991,5427.17605687713,1368471.77761395,77030053,35693.5,80847329,36500.5,77577041,34254.5,82552503,36143,87515989,36633,94079938,38093.5
126,007605,11001007605,3447,3380,47,3292,16,11,0,14,62,29,11,2,43,37,3278,15,11,0,5,57,29,11,2,2763,43,2635,13,10,0,12,45,26,7,2,30,37,2623,13,10,0,4,45,26,7,2,1804,1581,223,112.12369862,0.17519328,3672.99917018877,453748.512541281,53319053,31064,56942326,29971,55599933,30825.5,56534733,30292,59581383,31643,61946654,31588.5
127,007703,11001007703,5187,5105,53,4924,10,5,1,112,72,47,7,2,186,29,4886,9,5,1,5,63,39,5,2,3665,44,3476,8,3,1,82,42,32,5,2,140,24,3446,8,3,1,4,37,24,3,2,2338,2103,235,249.88048553,0.39043826,4509.84828099638,1011230.45369159,62080786,26835,66007045,24882,65408275,25046.5,65645025,25153,71794022,26023.5,76945859,26266
128,007707,11001007707,3867,3828,42,3740,12,1,0,33,37,19,2,1,64,42,3712,11,1,0,4,32,18,2,1,2841,38,2742,10,1,0,22,26,16,1,0,39,38,2728,9,1,0,3,22,15,1,0,1721,1555,166,208.25644896,0.3254007,4424.68214418747,842783.952986726,58126835.3,31164,61842067,28427.5,57877113,29008,62097139,28629,64147480,30013,66746843,29422.5
129,007708,11001007708,2486,2438,11,2416,2,1,2,6,44,24,7,3,35,9,2395,2,1,2,1,41,23,6,2,1837,9,1782,2,1,2,4,34,18,6,3,24,9,1767,2,1,2,0,32,17,5,2,1262,1084,178,211.6010709,0.33062668,4293.39391406005,856319.157832923,30562571,26240,34921404,25245,31748410,25109.5,33241592,24441,33292010,25265,34745840,25783
130,007709,11001007709,2007,1972,38,1896,8,3,0,27,32,19,6,0,47,29,1884,7,3,0,8,29,16,6,0,1599,34,1513,7,3,0,19,21,14,2,0,30,28,1505,6,3,0,7,20,12,2,0,1144,979,165,228.47142583,0.35698661,4638.99701176038,924591.06243485,28571370,29896,30343665,30352,28310642,27863.5,31742090,28828,33881022,28981,34779735,28775
131,007803,11001007803,3293,3244,36,3126,15,8,0,59,40,20,10,5,103,22,3102,15,8,0,6,35,19,6,4,2543,32,2404,12,7,0,45,35,18,6,5,75,22,2387,12,7,0,6,32,17,4,4,1652,1438,214,247.75835165,0.38712243,4553.26928278507,1002642.48252286,47573443.6,29997,52825855,27686,48905994,27744.5,49369713,27604,57963981,28576,61989776,29393.5
132,007804,11001007804,3446,3366,24,3289,4,4,0,45,72,44,19,5,69,18,3277,4,4,0,5,63,42,19,5,2432,19,2323,4,4,0,28,47,27,12,5,42,16,2315,4,4,0,4,42,25,12,5,1378,1212,166,209.50982532,0.3273591,4574.8029096347,847856.187174038,37285095,27108,42241373,24947,36383082,24256.5,40137177,24418,43080974,25264,45942286,25868
133,007806,11001007806,2347,2319,35,2247,13,3,1,20,27,21,0,7,75,22,2208,12,3,0,0,27,20,0,7,1797,30,1723,10,3,1,12,17,14,0,1,51,22,1695,9,3,0,0,17,13,0,1,1102,964,138,170.22681091,0.26597939,4130.20713420573,688883.467072914,32232385,29933,35524039,27394,32201366,28847,35415431,29425.5,37422570,30052,42317490,30296.5
134,002702,11001002702,5226,5006,3439,699,48,205,1,614,65,38,58,14,1303,2924,652,15,202,0,24,43,21,52,11,4578,3057,635,37,185,1,494,46,32,44,12,1076,2620,591,11,183,0,15,32,18,39,9,2565,2311,254,124.92452393,0.19519457,3697.62780476902,505551.614962995,198770793,43840.5,223639542,48746.5,216772349,45791,238216199,47500,232110688,47399,270883128,50917
135,002801,11001002801,3773,3602,1241,1359,23,155,1,823,69,40,41,5,1382,817,1321,11,151,0,12,44,24,31,5,3145,1128,1088,16,129,1,641,53,30,38,4,1090,792,1058,6,125,0,10,32,18,28,4,1820,1646,174,42.47578244,0.06636841,1725.32284134769,171893.394000542,65733402,23606,94212705,28873,83898374,26426,90893505,28629,80041474,28917,97260309,33796
136,009603,11001009603,3373,3305,25,3236,10,7,1,26,53,35,17,4,62,17,3220,9,7,1,3,47,32,13,2,2646,22,2545,6,5,1,17,38,24,15,4,39,17,2536,5,5,1,2,34,22,11,2,1750,1588,162,157.96184789,0.24681539,3866.06751595004,639248.922423749,50548063,29854,54782066,29205,51432289,28037.5,52174930,28187,55087454.94,27981,58282104,29140
137,009604,11001009604,1962,1925,31,1865,4,1,0,24,27,13,5,8,55,22,1859,1,1,0,0,21,12,4,3,1592,28,1514,2,1,0,16,22,13,4,8,39,21,1509,1,1,0,0,18,12,3,3,998,927,71,135.54525647,0.21178946,3139.24587373591,548532.194925361,39320298,34892,42571608,36056.5,37671884,33177,38840511,34782.5,41657348,35693,42752988,35403
138,009700,11001009700,3177,3141,20,3098,6,4,5,8,34,17,3,3,32,13,3086,6,3,5,0,32,16,3,3,2256,16,2196,5,4,1,5,27,15,1,2,22,13,2187,5,3,1,0,25,14,1,2,1307,1179,128,101.31491244,0.15830455,3393.27907666488,410006.906521816,37230924,28163.5,41269716,27242,39880533,28285,40335605,26811,41436665.8,27024,42553067,28849
139,009801,11001009801,1575,1554,16,1526,3,5,0,4,21,7,1,0,26,11,1512,3,5,0,2,16,7,1,0,1100,15,1058,3,5,0,4,15,6,1,0,14,10,1053,3,5,0,2,13,6,1,0,766,677,89,110.83911047,0.17318611,3275.82203079384,448549.968715114,16467492,24531.5,19048407,25883.5,19081986,27074.5,18248824,25989,17778638.57,23323.5,19288881,24214
140,009802,11001009802,1693,1678,11,1665,1,0,0,1,12,3,1,2,27,10,1643,1,0,0,1,11,3,1,2,1136,10,1111,1,0,0,1,10,3,1,2,13,9,1103,1,0,0,1,9,3,1,2,848,677,171,49.60026818,0.07750042,2124.24389586436,200725.165016534,15926462,24440,18186608,23629,15540000,24559,16598367,23436,15661896,21843.5,17489336,21172
141,007807,11001007807,2139,2108,18,2053,2,5,0,30,30,9,8,0,49,9,2043,2,5,0,4,26,9,7,0,1593,13,1537,1,5,0,18,18,8,2,0,29,9,1531,1,5,0,1,16,8,2,0,906,810,96,129.42213941,0.20222209,3369.64089324018,523752.819176796,26964218,27911.5,29022672,25588,27172275,26950.5,29864189,26722,31685807,25848,32933216,27008
142,007808,11001007808,3646,3592,34,3489,10,9,0,50,53,38,4,0,77,29,3470,8,9,0,12,40,33,3,0,2544,28,2431,9,5,0,33,37,26,2,0,51,24,2417,7,5,0,11,28,23,2,0,1598,1352,246,234.83680529,0.36693251,4159.12160667835,950350.839345495,44146628.79,27911,47655483,24266,44039061,26488,45848749,25835,51644760,26059.5,55871889,27844.5
143,008701,11001008701,2407,2360,384,1888,4,38,3,43,34,15,16,0,114,356,1856,3,38,2,3,28,10,16,0,1978,357,1513,4,29,3,39,25,12,10,0,96,332,1491,3,29,2,2,19,7,10,0,972,873,99,95.00421447,0.14844409,2699.84992868344,384468.417754861,48565203,34711,70853972,37790,57403391,35334,65364292,38164,74587120,41781,86810333,44960
144,008702,11001008702,1599,1557,221,1280,6,16,1,33,39,13,6,2,103,182,1265,6,13,1,1,27,9,6,2,1325,195,1055,6,16,1,20,30,11,5,0,72,167,1044,6,13,1,0,21,8,5,0,902,713,189,117.22381608,0.18316221,3710.8128911494,474387.95575955,28412101,32251,59322798,41675,30878869,32047,43104817,38477.5,74934828,47601,159109427,53754
145,008802,11001008802,4119,4030,308,3607,29,35,4,47,68,36,15,6,172,268,3555,16,35,4,1,61,24,12,6,3301,274,2873,22,32,1,37,45,27,10,6,129,240,2840,10,32,1,1,41,18,8,6,1999,1746,253,116.56975915,0.18214025,2848.57992092885,471741.081255413,62141902.81,28875.5,80440359,31959.5,68412661,29125,73584575,29903,86766327.42,35199,99751561,38882.5
146,008803,11001008803,2037,1958,694,1143,9,54,5,53,43,21,29,6,167,621,1117,8,52,5,3,33,16,27,5,1709,673,860,9,49,5,45,32,22,28,6,146,603,842,8,47,5,3,24,16,27,5,612,442,170,284.57698472,0.44465154,5287.29962921808,1151642.20512901,9823344,16056,14330450,16546,11668374,16917,12715225,16095,18786961,21519,22956326,24186
147,009803,11001009803,2758,2719,23,2684,5,3,0,4,35,16,10,4,30,20,2667,5,3,0,0,29,14,10,4,2000,22,1943,5,2,0,4,22,11,5,2,21,19,1931,5,2,0,0,20,10,5,2,1416,1201,215,131.21324991,0.2050207,3195.47338916018,531001.186270024,30971202,26640,33847590,23984,33180603,25128.5,33226454,25227,35039724,25379,37398304,26262.5
148,009804,11001009804,2473,2435,42,2369,5,4,0,15,32,13,4,2,56,14,2361,5,4,0,3,30,12,1,1,1778,28,1706,4,4,0,13,19,7,2,1,39,11,1700,4,4,0,2,18,7,0,1,1071,955,116,128.07435089,0.20011617,3761.5943192991,518298.512527794,32581400,27829,34316210,27427.5,33095951,27152.5,34012746,27000,37891027,28276.5,40708270,29122
149,009807,11001009807,3072,3022,56,2937,4,13,0,12,48,24,3,0,58,38,2912,3,13,0,1,46,24,3,0,2396,46,2304,4,12,0,11,18,12,1,0,42,36,2283,3,12,0,1,18,12,1,0,1551,1350,201,256.62676966,0.40097933,5057.76063247216,1038531.69710494,49300774.86,31540.43,50089141,29196,50160528,29574.5,51025204,29638,52225202,28837,55085531,30509
150,009810,11001009810,2507,2483,15,2456,3,1,0,8,23,12,8,0,22,15,2439,3,1,0,6,21,12,6,0,1734,13,1692,3,1,0,6,18,11,8,0,17,13,1680,3,1,0,4,16,11,6,0,1171,1103,68,101.91676715,0.15924495,2811.70745561474,412442.526136786,20731641,22114,23630871,20845,22087145,21242,22667655,21012.5,23590181.04,22107,25212674,21337
151,010500,11001010500,3410,3296,1101,1888,15,231,2,59,63,33,43,10,212,1000,1858,13,228,2,10,49,26,35,4,2946,1074,1501,14,211,2,50,47,28,38,10,190,977,1477,13,208,2,10,35,20,30,4,2347,2000,347,185.97314606,0.29058304,3700.25522199699,752606.625014815,84029289,45706.5,112250955,52096,98303018,48448,105746983,51276.5,106072495,52567,124766159,56785
152,010600,11001010600,3933,3814,1624,1992,15,126,0,57,70,44,38,3,177,1548,1969,3,123,0,10,63,39,35,2,3397,1503,1622,14,117,0,47,52,37,33,2,141,1442,1603,3,115,0,10,48,33,30,2,1927,1670,257,305.56417488,0.47744403,5269.16251646564,1236574.3509128,121226133,46770,256230114,55071.5,161447062,51645,209503581,53822,231914897.58,55353,313701867,58798.5
153,010700,11001010700,1838,1775,1442,89,6,209,0,29,12,7,40,7,137,1344,85,5,207,0,4,10,6,38,7,1821,1433,86,6,207,0,28,10,8,40,7,134,1336,83,5,205,0,4,8,6,39,7,1413,1244,169,220.29398686,0.34420936,3825.4650739829,891498.140842399,76742725,55538.5,121704083,63057,65155219,58724,148356514,60245,131895201,71866,156457298,72231
154,010800,11001010800,6408,6194,5146,279,2,708,3,56,133,32,150,27,268,4946,277,2,706,2,6,129,29,149,27,6381,5132,270,2,706,3,56,131,32,148,27,265,4933,269,2,704,2,6,128,29,148,27,1115,1034,81,163.46463812,0.2554135,3482.46515800708,661517.924546416,23332003.5,39566,35939787,42735,33571416,40108,44924794,39390,33640053,41873,38436301,47991.5
155,010900,11001010900,3211,3146,58,3055,6,15,0,12,61,22,9,0,47,49,3035,6,15,0,2,56,21,6,0,2356,56,2226,5,15,0,8,43,22,5,0,35,47,2211,5,15,0,1,41,21,4,0,1366,1161,205,1313.08286356,2.05169199,11812.0149969614,5313857.851102,21483928,21961,25597789,20753.5,23779752,21350,25906312,20502,27129325,20661,27893573,21980
156,011000,11001011000,3715,3584,1632,1712,29,140,3,68,90,49,40,3,183,1560,1683,24,139,3,13,77,40,36,3,3354,1593,1455,23,130,3,54,58,40,28,2,158,1524,1429,20,130,3,11,48,32,25,2,2673,2345,328,254.12238792,0.39706623,5794.13710563469,1028396.82375154,142255206,61476,159856545,66090,159085656,61805,167859350,64116,173116968.42,67450,184361322,70438.5
157,011100,11001011100,4859,4727,322,4192,24,15,1,173,110,58,19,3,337,241,4147,18,15,1,8,88,46,19,3,3945,279,3410,21,13,1,123,85,43,12,3,237,223,3379,15,13,1,5,70,37,12,3,1868,1727,141,1497.65127059,2.34008013,13673.1071387485,6060779.69889432,101111776,40473,108672370,40625.5,99900451,40198,104974019,41009,115762533,41166,122414153,42315
158,009301,11001009301,3143,3031,979,1915,14,71,0,52,75,32,24,1,221,866,1891,13,67,0,3,56,30,23,1,2617,866,1555,13,66,0,39,50,31,18,1,175,768,1535,12,62,0,3,42,29,17,1,1230,1162,68,272.13307305,0.42520793,4589.37811757332,1101283.48097072,80177844.52,46848,96067410,47415,89517062,46693,96422375.11,47221,116557623,54943,124565445,57282.5
159,007809,11001007809,2922,2875,58,2768,9,4,0,36,40,19,6,0,86,35,2753,5,4,0,1,38,16,6,0,2129,51,2011,8,3,0,26,24,17,1,0,65,33,2001,4,3,0,1,22,14,1,0,1339,1135,204,132.23895485,0.20662337,3874.35998735535,535152.066889406,37559798.37,27390,41012846,24953,37380788,25825.5,39381158,25178,44647455,27046,48307774,28461
160,007901,11001007901,3822,3730,397,3252,16,24,0,41,85,32,21,3,115,349,3240,11,24,0,7,73,30,18,2,2771,362,2287,13,24,0,30,50,24,11,3,76,327,2280,9,24,0,6,47,23,9,2,1784,1540,244,98.41517823,0.15377372,2551.39362258977,398272.098442659,54104963,29975,68844302,31673,60769648,29766,65914144,30020.5,76444757,34692,85297510,37573
161,007903,11001007903,1774,1749,156,1536,6,10,0,41,22,14,3,1,95,120,1518,6,9,0,4,22,12,3,1,1407,136,1205,5,10,0,31,17,11,2,1,70,112,1192,5,9,0,2,17,9,2,1,880,778,102,59.94389871,0.09366234,2170.94540046585,242584.352928883,33231634,36257,41719677,39557,34946070,36732,38094648,36321.5,46326405,44633,53049430,47103
162,008001,11001008001,2784,2701,1321,1247,10,65,1,57,51,21,26,7,138,1264,1235,7,62,1,9,42,16,24,7,2397,1168,1058,10,58,1,40,39,19,16,4,111,1119,1049,7,55,1,5,32,14,14,4,1391,1286,105,80.43091395,0.1256733,2400.60290507304,325492.362612918,100414811,60366,126560393,67249,113921738,63888,122354172,66117.5,130054316,70322,144770934,75309.5
163,008002,11001008002,3031,2946,1662,1158,6,74,3,43,43,14,31,3,114,1602,1152,4,73,3,8,40,13,30,0,2614,1450,1014,6,65,1,33,19,10,16,2,91,1400,1011,4,64,1,6,17,9,15,0,1644,1477,167,142.85063562,0.22320412,3883.36802698995,578096.01563321,121769571,67000.5,162596832,72447,142225876,68264,160531068,70314,156077250.77,75659.5,173685028,80922
164,008100,11001008100,2910,2823,2276,422,11,75,1,38,33,19,47,1,133,2195,413,10,74,1,4,31,17,47,1,2551,2027,366,11,62,1,26,23,19,29,1,106,1957,361,10,61,1,2,21,17,29,1,1549,1452,97,72.21812179,0.11284082,2331.34598451361,292256.371732737,139606334,81428,168364052,72100,166143944,77408,167686490,77394,173483443,85914,194119047,90338
165,008200,11001008200,2918,2843,2515,156,12,116,1,43,15,14,50,2,134,2443,152,9,113,1,2,11,11,45,2,2674,2328,146,12,106,1,37,12,11,23,2,119,2260,142,9,103,1,2,9,8,23,2,1655,1522,133,84.04524066,0.13132069,3038.86781169082,340119.023976683,117647812,70126.5,147633111,67792.5,142848043,69117.5,155157942,70452,143780010,77086,159931869,78676
166,008301,11001008301,2279,2225,1743,383,5,67,1,26,21,7,31,1,80,1703,373,5,66,1,2,19,5,31,1,2039,1585,331,4,59,1,23,14,6,19,1,71,1546,324,4,58,1,1,14,5,19,1,1154,1072,82,75.10652056,0.11735394,2368.73754254323,303945.306896789,100958815,79178,126739845,80765,117129497,71931,125316966,77114.5,137994779,83172.5,159487649,82900
167,008302,11001008302,2206,2141,1553,490,12,66,2,18,20,12,36,2,94,1487,487,10,64,2,9,18,8,31,2,1940,1367,448,11,60,2,9,15,12,18,2,62,1322,447,9,58,2,4,15,8,17,2,1032,966,66,64.46191668,0.10072175,2372.70017822771,260868.12305757,98202439,75686,121676185,69139,115145078,72632,124644728,70932,122260480,77004.5,148237948,80862
168,008402,11001008402,2149,2081,1156,846,7,51,4,17,34,21,20,6,99,1095,830,5,49,4,5,32,20,19,4,1920,1036,756,6,49,4,14,24,18,17,5,76,990,741,4,49,4,5,24,17,17,3,1270,1174,96,66.30755803,0.10360556,2657.40565007708,268337.16866105,64090679,50048,84827411,55894.5,76375227,50961,83894892,54722,78279904,59253,95344734,63150
169,008410,11001008410,1489,1463,451,958,4,24,3,23,16,10,3,1,71,421,942,4,22,3,4,16,8,3,1,1232,414,754,4,24,3,14,10,10,2,1,57,385,744,4,22,3,2,10,8,2,1,681,604,77,54.39444927,0.08499133,2326.09533684968,220126.527661906,41390921,46940,54787972,48372,47944604,46774,51016505,48283,60603534,55593,71052704,58733
170,009400,11001009400,4163,4038,370,3467,23,42,0,136,94,50,20,1,266,301,3424,22,41,0,12,80,44,18,1,3397,314,2846,20,36,0,94,69,42,10,1,180,264,2820,20,35,0,10,58,37,8,1,1792,1651,141,393.02472348,0.61410113,5500.07728501137,1590514.63581645,111394852,48688,122069723,49363.5,112928463,48019,119206939,49071,135842841,51938.5,139399116,52796.5
171,009501,11001009501,5797,5595,2128,2827,36,108,10,486,99,49,58,15,831,1926,2778,21,102,5,9,78,42,54,12,5099,2093,2351,27,105,8,347,73,43,55,12,636,1916,2311,19,99,3,9,59,36,51,9,1954,1802,152,393.94025869,0.61553166,6251.16700772429,1594219.67538047,54810127,28094,66633719.98,28334,60953895,28147,64279289,27023,62507127.54,27422.5,71687637,29720.5
172,009503,11001009503,2910,2810,432,2301,4,41,0,32,84,50,22,4,113,377,2276,3,41,0,7,79,48,21,4,2433,384,1917,4,36,0,22,59,42,11,4,83,342,1898,3,36,0,6,56,40,10,4,1256,1200,56,351.74808025,0.54960638,5448.74634862364,1423473.98609027,103688476,55760,93340693.3,55128,91164685,52882,103746641,55310.5,108517270,56626.5,113767916.01,60025
173,009504,11001009504,3025,2940,643,2204,10,40,0,43,66,27,24,5,120,592,2187,5,40,0,3,62,27,24,5,2603,579,1892,7,38,0,28,44,20,17,3,89,540,1876,4,38,0,2,40,20,17,3,1354,1254,100,253.59064958,0.39623539,4227.41219002243,1026244.95498885,69274045,43233,76802968,44206.5,72545466,41582,78335079,43487,83501617,44864.5,92795105,48695.5
174,009505,11001009505,2630,2571,145,2274,3,25,6,118,49,19,14,4,201,109,2249,2,25,2,4,36,13,11,0,2197,113,1934,2,22,4,82,33,13,7,1,140,89,1913,1,22,2,2,26,12,6,0,1217,1138,79,254.66865835,0.39791978,4571.65313238333,1030607.50172789,69676775,42972,74524698,41734,69233046,41221,72487872,42196,94197523,45732,105022944,46330
175,009507,11001009507,1489,1460,53,1304,11,1,0,91,22,10,4,4,156,16,1292,2,1,0,1,21,9,4,4,1209,38,1075,10,1,0,64,15,10,4,1,110,14,1067,2,1,0,1,14,9,4,1,607,583,24,72.81292728,0.1137702,2483.11505524635,294663.464164052,35008824,38577.5,37021683,38410,34437488,36996,36555449,39274,39838674,38723,41834568.92,39851
176,009508,11001009508,3290,3240,257,2821,11,30,0,121,38,24,11,2,235,182,2793,6,29,0,3,36,22,11,1,2785,227,2394,7,27,0,90,30,22,7,2,171,170,2376,5,26,0,3,28,20,7,1,1742,1578,164,231.9179867,0.36237186,5772.87542755763,938538.799502716,67315108.95,38902,74438513.8,36844,70488991,37979,74847040,37529,76756174,38133.5,82172651,38670.5
177,009509,11001009509,2940,2888,165,2592,5,33,0,93,48,7,14,3,169,124,2565,2,33,0,13,33,4,8,3,2400,142,2126,4,30,0,66,29,6,10,3,116,112,2114,2,30,0,5,20,4,7,3,1320,1258,62,159.55396195,0.24930307,3306.19704340959,645691.979470196,75556930,44708,83396856.4,45890,78005645,45617.5,80688699,44771,90266682,48269,94453371,50505
178,009601,11001009601,2445,2420,27,2359,3,5,3,23,24,7,2,4,36,16,2357,3,5,3,0,24,7,2,4,1598,23,1534,3,2,2,18,15,6,2,4,27,16,1532,3,2,2,0,15,6,2,4,847,786,61,514.85017081,0.8044534,6716.54976156894,2083524.73269691,27940966,24949,31190145,22438,29485769,24312,29883780,22301,33222152,25221,34565858,27655
179,009602,11001009602,3280,3220,24,3166,9,3,0,18,58,26,3,0,40,20,3156,6,3,0,1,52,26,3,0,2287,17,2206,5,3,0,13,41,20,2,0,25,15,2199,4,3,0,1,38,20,2,0,1545,1445,100,341.00559835,0.53282125,4742.07139820473,1380000.70395183,28881426,24409,34651347,23135.5,29422702,23832,32067205,22962.5,41181793,23438,45174162,25037
